registration_number,name,nace_as_published,turnover_2024_eur,employees_annual_report,period_start,period_end,statement_id,register_terminated_date,register_closed_flag
50102006881,"""ADS group"" SIA",4100,1545609,42,2024-01-01,2024-12-31,1981817,, 
40103887014,"""AG KON"" SIA",4100,1042622,7,2024-01-01,2024-12-31,1981990,, 
50003482201,"""BG BŪVE"" SIA",4100,1413686,4,2024-01-01,2024-12-31,1959984,, 
40203384503,"""LHCON LV"" SIA",4100,1369531,2,2024-01-01,2024-12-31,2026299,, 
40103261838,H/S Būve SIA,4100,1479405,23,2024-01-01,2024-12-31,1990185,, 
44103086056,"Krafter, SIA",4100,1740355,28,2024-01-01,2024-12-31,1995751,, 
40203576531,"PS ""BCC Litana""",4100,1209729,0,2024-07-19,2024-12-31,2029756,, 
42103102140,"PS ""CES Group""",4100,1928374,0,2024-01-01,2024-12-31,1981221,, 
40203116238,"SIA ""3D SOLUTIONS""",4100,1260605,7,2024-01-01,2024-12-31,2046907,, 
41203031752,"SIA ""AB BŪVNIECĪBA""",4100,1309051,25,2024-01-01,2024-12-31,2026058,, 
42103048785,"SIA ""AJ meistars""",4100,1492520,15,2024-01-01,2024-12-31,2020653,, 
45403051828,"SIA ""ALVIGO""",4100,1317656,8,2024-01-01,2024-12-31,2044706,, 
53603036191,"SIA ""Agrobūve""",4100,1827076,19,2024-01-01,2024-12-31,2057788,, 
40103232203,"SIA ""Articom""",4100,1167935,23,2024-01-01,2024-12-31,2003456,, 
40103189663,"SIA ""BIERENS BŪVE""",4100,1146535,5,2024-01-01,2024-12-31,2060128,, 
40003534770,"SIA ""BK2""",4100,1022042,6,2024-01-01,2024-12-31,2083784,, 
40203555671,"SIA ""BRC Grupa""",4100,1251555,13,2024-04-17,2024-12-31,2062915,, 
40002022182,"SIA ""CHEMPS""",4100,1078285,13,2024-01-01,2024-12-31,2087133,, 
40203355557,"SIA ""COKOLS I""",4100,1482937,22,2024-01-01,2024-12-31,2065775,, 
43603083781,"SIA ""Cortto""",4100,1088809,21,2024-01-01,2024-12-31,2061462,, 
40203521425,"SIA ""DELTA""",4100,1223952,12,2024-01-01,2024-12-31,2082557,, 
43603090872,"SIA ""DLB Engineering""",4100,1168491,10,2024-01-01,2024-12-31,2061567,, 
40103856584,"SIA ""Dzelzceļa un Infrastruktūras attīstība""",4100,1027379,22,2024-01-01,2024-12-31,1974991,, 
42103038221,"SIA ""Dzintars AB""",4100,1920007,31,2024-01-01,2024-12-31,1970738,, 
44103001903,"SIA ""EKERS""",4100,1256271,53,2024-01-01,2024-12-31,2073622,, 
43603052616,"SIA ""EKOMEISTARS""",4100,1008944,19,2024-01-01,2024-12-31,2052792,, 
40203177088,"SIA ""HN Būvnieks""",4100,1378641,22,2024-01-01,2024-12-31,2052733,, 
40003246495,"SIA ""I.S.A.M.""",4100,1303526,17,2024-01-01,2024-12-31,2026959,, 
52103029201,"SIA ""IT KON""",4100,1033464,20,2024-01-01,2024-12-31,1980783,, 
45403050184,"SIA ""JunM Grupa""",4100,1443814,23,2024-01-01,2024-12-31,2084658,, 
40203313591,"SIA ""Jūsu Māja""",4100,1646268,5,2024-01-01,2024-12-31,2021130,, 
42103040372,"SIA ""KURZEMES BŪVSERVISS""",4100,1491138,22,2024-01-01,2024-12-31,1972877,, 
42403025832,"SIA ""Kind service""",4100,1406328,44,2024-01-01,2024-12-31,2088050,, 
40003842249,"SIA ""Kokneši Plus""",4100,1085048,20,2024-01-01,2024-12-31,2023027,, 
50003636721,"SIA ""LATBUVTRADE""",4100,1919370,23,2024-01-01,2024-12-31,2092287,, 
43603081795,"SIA ""MZ Group""",4100,1118394,8,2024-01-01,2024-12-31,2088925,, 
50003634701,"SIA ""Millers & Gabrilovičs""",4100,1493004,32,2024-01-01,2024-12-31,1993854,, 
40203264987,"SIA ""Monumental""",4100,1170604,6,2024-01-01,2024-12-31,2051610,, 
42102001645,"SIA ""MŪRNIEKS""",4100,1992862,49,2024-01-01,2024-12-31,2027910,, 
40103639046,"SIA ""RB & B Būvnieks""",4100,1050160,10,2024-01-01,2024-12-31,2056249,, 
40003317726,"SIA ""RBC TRANS""",4100,1940792,46,2024-01-01,2024-12-31,2033783,, 
40203321777,"SIA ""Renovatio 12""",4100,1809889,10,2024-01-01,2024-12-31,2037512,, 
49203003338,"SIA ""Ropex Building and Construction""",4100,1985108,6,2024-01-01,2024-12-31,2088932,, 
40103516432,"SIA ""STRUKTUM""",4100,1238782,15,2024-01-01,2024-12-31,2041379,, 
40103263203,"SIA ""Skonto Construction""",4100,1776223,20,2024-01-01,2024-12-31,2185838,, 
45403053335,"SIA ""Solart būve""",4100,1634897,33,2024-01-01,2024-12-31,2008397,, 
40103638515,"SIA ""VBLC""",4100,1261898,5,2024-01-01,2024-12-31,1957979,, 
43603070221,"SIA ""VK CENTRAL PLUS""",4100,1333036,7,2024-01-01,2024-12-31,2031754,, 
40003261969,"SIA ""VSV Celtnieks""",4100,1050204,32,2023-11-01,2024-10-31,1962190,, 
41202016243,"SIA ""VĪGANTES""",4100,1013379,14,2024-01-01,2024-12-31,2032774,, 
40002085008,"SIA ""Westbūve""",4100,1921722,16,2024-01-01,2024-12-31,2066231,, 
40103692634,"SIA ""Working Group""",4100,1012335,7,2024-01-01,2024-12-31,2034251,, 
40103767110,SIA Filpro,4100,1815919,25,2024-01-01,2024-12-31,2086700,, 
40203151977,SIA Flancis,4100,1169730,23,2024-01-01,2024-12-31,2042033,, 
40103516860,SIA HB service,4100,1353955,29,2024-01-01,2024-12-31,2075673,, 
42103103998,SIA LATHAUS,4100,1167647,6,2024-01-01,2024-12-31,2069832,, 
40203468586,SIA Lisberg,4100,1714040,8,2024-01-01,2024-12-31,2051778,, 
40203036873,SIA PROMARK CONSTRUCTION,4100,1940692,23,2024-01-01,2024-12-31,1989590,, 
40203307542,SIA RENKO,4100,1261072,15,2024-01-01,2024-12-31,1986529,, 
45403047216,SIA Trast Būve,4100,1915479,30,2024-01-01,2024-12-31,2063785,, 
40103702487,SIA a2a.properties,4100,1237925,16,2024-01-01,2024-12-31,2042526,, 
40203230406,SV DEAL Ltd SIA,4100,1286754,7,2024-01-01,2024-12-31,1979428,, 
48503010683,"Sabiedrība ar ierobežotu atbildību ""4B""",4100,1448140,21,2024-01-01,2024-12-31,2071489,, 
40103601705,"Sabiedrība ar ierobežotu atbildību ""A BŪVNIEKS""",4100,1881034,46,2024-01-01,2024-12-31,2059562,, 
40103742564,"Sabiedrība ar ierobežotu atbildību ""A.P.E Build""",4100,1047600,24,2024-01-01,2024-12-31,1997941,, 
42403024216,"Sabiedrība ar ierobežotu atbildību ""ACUK""",4100,1031643,18,2024-01-01,2024-12-31,1973160,, 
43603042088,"Sabiedrība ar ierobežotu atbildību ""AJ Celtnieks""",4100,1038171,19,2024-01-01,2024-12-31,1965734,, 
40203263981,"Sabiedrība ar ierobežotu atbildību ""AS Inspection""",4100,1294546,23,2024-01-01,2024-12-31,2070040,, 
42403013960,"Sabiedrība ar ierobežotu atbildību ""ASKO AS""",4100,1756327,54,2024-01-01,2024-12-31,2021005,, 
42102001611,"Sabiedrība ar ierobežotu atbildību ""AV Projekts""",4100,1843629,7,2024-01-01,2024-12-31,2081801,, 
48503013266,"Sabiedrība ar ierobežotu atbildību ""Aksīte""",4100,1681051,31,2024-01-01,2024-12-31,1976567,, 
40003229160,"Sabiedrība ar ierobežotu atbildību ""BALSTS-R""",4100,1084549,12,2024-01-01,2024-12-31,2046980,, 
40003910278,"Sabiedrība ar ierobežotu atbildību ""BAUMEISTER""",4100,1524066,36,2024-01-01,2024-12-31,2048513,, 
41503035363,"Sabiedrība ar ierobežotu atbildību ""BELMAST BŪVE""",4100,1490871,35,2024-01-01,2024-12-31,1976296,, 
40103373927,"Sabiedrība ar ierobežotu atbildību ""BELTES BŪVE""",4100,1699595,18,2024-01-01,2024-12-31,2067391,, 
40103774273,"Sabiedrība ar ierobežotu atbildību ""BILTON""",4100,1005734,9,2024-01-01,2024-12-31,2024565,, 
43603033352,"Sabiedrība ar ierobežotu atbildību ""Benson Industry""",4100,1000431,14,2024-01-01,2024-12-31,1980277,, 
41203038958,"Sabiedrība ar ierobežotu atbildību ""BŪVFIRMA INBUV""",4100,1663519,19,2024-01-01,2024-12-31,2062579,, 
50203287661,"Sabiedrība ar ierobežotu atbildību ""C.O.T Concept""",4100,1335180,2,2024-01-01,2024-12-31,2016910,, 
44103147740,"Sabiedrība ar ierobežotu atbildību ""CB Contractor""",4100,1089926,7,2024-01-01,2024-12-31,2075070,, 
40103829618,"Sabiedrība ar ierobežotu atbildību ""Capital BAU""",4100,1602293,17,2024-01-01,2024-12-31,2081695,, 
40203452087,"Sabiedrība ar ierobežotu atbildību ""ConstructionHeArt""",4100,1422105,21,2024-01-01,2024-12-31,2058713,, 
40103937724,"Sabiedrība ar ierobežotu atbildību ""Continent A""",4100,1196207,11,2024-01-01,2024-12-31,2036503,, 
40203357914,"Sabiedrība ar ierobežotu atbildību ""D Investment Group""",4100,1065546,18,2024-01-01,2024-12-31,2050094,, 
40003217833,"Sabiedrība ar ierobežotu atbildību ""DEFASS-D""",4100,1787038,49,2024-01-01,2024-12-31,1976290,, 
45403057271,"Sabiedrība ar ierobežotu atbildību ""DG būves""",4100,1289297,16,2024-01-01,2024-12-31,1967951,, 
44103055643,"Sabiedrība ar ierobežotu atbildību ""Dakstiņa Jumti""",4100,1829337,7,2024-01-01,2024-12-31,2063064,, 
59503003381,"Sabiedrība ar ierobežotu atbildību ""EXITUS""",4100,1404043,10,2024-01-01,2024-12-31,2058090,, 
40103892195,"Sabiedrība ar ierobežotu atbildību ""Easywood""",4100,1627434,38,2024-01-01,2024-12-31,2062104,, 
40103608385,"Sabiedrība ar ierobežotu atbildību ""FaberLat""",4100,1102232,3,2024-01-01,2024-12-31,1987318,, 
40003780837,"Sabiedrība ar ierobežotu atbildību ""Fasāde PRO""",4100,1450375,52,2024-01-01,2024-12-31,2039515,, 
40003838050,"Sabiedrība ar ierobežotu atbildību ""GSS""",4100,1059008,9,2024-01-01,2024-12-31,2016232,, 
43603059760,"Sabiedrība ar ierobežotu atbildību ""IN GRUPA""",4100,1731534,20,2024-01-01,2024-12-31,2057864,, 
40003607877,"Sabiedrība ar ierobežotu atbildību ""INUTA""",4100,1537385,14,2024-01-01,2024-12-31,1991089,, 
40103979041,"Sabiedrība ar ierobežotu atbildību ""JG Holding""",4100,1305687,25,2024-01-01,2024-12-31,2049666,, 
40103485664,"Sabiedrība ar ierobežotu atbildību ""Joinus""",4100,1293234,6,2024-01-01,2024-12-31,1985904,, 
40103773174,"Sabiedrība ar ierobežotu atbildību ""KBO""",4100,1322333,7,2024-01-01,2024-12-31,2082054,, 
40103922767,"Sabiedrība ar ierobežotu atbildību ""KORP""",4100,1852450,23,2024-01-01,2024-12-31,1990470,, 
40103186614,"Sabiedrība ar ierobežotu atbildību ""KaimS""",4100,1768417,31,2024-01-01,2024-12-31,2016974,, 
40003949801,"Sabiedrība ar ierobežotu atbildību ""Konsult B""",4100,1834446,37,2024-01-01,2024-12-31,2066807,, 
50103437401,"Sabiedrība ar ierobežotu atbildību ""LABIE JUMTI""",4100,1576240,25,2024-01-01,2024-12-31,2067510,, 
41503012572,"Sabiedrība ar ierobežotu atbildību ""Leksimuss""",4100,1270051,21,2024-01-01,2024-12-31,2058850,, 
40003781758,"Sabiedrība ar ierobežotu atbildību ""Levil Invest""",4100,1004156,5,2024-01-01,2024-12-31,2042963,, 
40103147903,"Sabiedrība ar ierobežotu atbildību ""Logi24""",4100,1141032,9,2024-01-01,2024-12-31,2042224,, 
41203068276,"Sabiedrība ar ierobežotu atbildību ""MARIVENT""",4100,1426754,12,2024-01-01,2024-12-31,2028045,, 
40003304295,"Sabiedrība ar ierobežotu atbildību ""MERKS""",4100,1283444,9,2024-01-01,2024-12-31,2045884,, 
40003863645,"Sabiedrība ar ierobežotu atbildību ""MP Būves""",4100,1108191,9,2024-01-01,2024-12-31,2066684,, 
40003977735,"Sabiedrība ar ierobežotu atbildību ""Monolīts būvvadība""",4100,1873644,41,2024-01-01,2024-12-31,2008521,, 
53603024281,"Sabiedrība ar ierobežotu atbildību ""Mītavas celtnieks""",4100,1614325,31,2024-01-01,2024-12-31,1994606,, 
40003931443,"Sabiedrība ar ierobežotu atbildību ""ORIONS CK PROJEKTS""",4100,1412255,3,2024-01-01,2024-12-31,2018964,, 
40003606689,"Sabiedrība ar ierobežotu atbildību ""ORMIS BALTIJA""",4100,1072164,11,2024-01-01,2024-12-31,2066353,, 
41202002987,"Sabiedrība ar ierobežotu atbildību ""PARTNERIS""",4100,1106419,22,2024-01-01,2024-12-31,1972900,, 
40103610623,"Sabiedrība ar ierobežotu atbildību ""PREMIUM GLASS SYSTEMS""",4100,1261215,19,2024-01-01,2024-12-31,2040380,, 
40103429296,"Sabiedrība ar ierobežotu atbildību ""Paras""",4100,1683880,27,2024-01-01,2024-12-31,2067494,, 
48701007658,"Sabiedrība ar ierobežotu atbildību ""Pērles Būve""",4100,1309284,8,2024-01-01,2024-12-31,1986180,, 
44103087969,"Sabiedrība ar ierobežotu atbildību ""RG meistars""",4100,1470899,24,2024-01-01,2024-12-31,1974165,, 
40103228176,"Sabiedrība ar ierobežotu atbildību ""RISE JE""",4100,1100447,18,2024-01-01,2024-12-31,2052312,, 
48503010791,"Sabiedrība ar ierobežotu atbildību ""RRP""",4100,1745311,28,2024-01-01,2024-12-31,1988408,, 
40103808118,"Sabiedrība ar ierobežotu atbildību ""RS84""",4100,1656050,12,2024-01-01,2024-12-31,2051207,, 
50003911951,"Sabiedrība ar ierobežotu atbildību ""S.V.K. Būve""",4100,1063869,21,2024-01-01,2024-12-31,1975525,, 
51203009611,"Sabiedrība ar ierobežotu atbildību ""SAMRODE""",4100,1550508,33,2024-01-01,2024-12-31,1977494,, 
40103570458,"Sabiedrība ar ierobežotu atbildību ""SAVS meistars""",4100,1848964,18,2024-01-01,2024-12-31,1986380,, 
40003584108,"Sabiedrība ar ierobežotu atbildību ""SCHS BLOKS""",4100,1104921,4,2024-01-01,2024-12-31,1957062,, 
40003108469,"Sabiedrība ar ierobežotu atbildību ""SILEN""",4100,1634213,11,2024-01-01,2024-12-31,1994834,, 
40203005483,"Sabiedrība ar ierobežotu atbildību ""SK Construction""",4100,1567586,29,2024-01-01,2024-12-31,1983080,, 
42103047991,"Sabiedrība ar ierobežotu atbildību ""SK Lauktehnika""",4100,1255413,26,2024-01-01,2024-12-31,2002759,, 
40103485607,"Sabiedrība ar ierobežotu atbildību ""STRANDECK""",4100,1214058,17,2024-01-01,2024-12-31,2077594,, 
40103775387,"Sabiedrība ar ierobežotu atbildību ""Scand Direct""",4100,1475967,17,2024-01-01,2024-12-31,1992418,, 
41203014790,"Sabiedrība ar ierobežotu atbildību ""TIKEM""",4100,1096354,15,2024-01-01,2024-12-31,1973813,, 
40103609431,"Sabiedrība ar ierobežotu atbildību ""Team T""",4100,1644490,15,2024-01-01,2024-12-31,2064425,, 
40103759626,"Sabiedrība ar ierobežotu atbildību ""Tieši laikā""",4100,1581397,37,2024-01-01,2024-12-31,2034254,, 
40103890601,"Sabiedrība ar ierobežotu atbildību ""Universbūve""",4100,1178708,11,2024-01-01,2024-12-31,1978291,, 
44103037968,"Sabiedrība ar ierobežotu atbildību ""VIT BŪVE""",4100,1746392,31,2024-01-01,2024-12-31,1983634,, 
44103055272,"Sabiedrība ar ierobežotu atbildību ""Warss+""",4100,1896101,33,2024-01-01,2024-12-31,1989058,, 
43603022679,"Sabiedrība ar ierobežotu atbildību ""ZEMGALES BŪVSERVISS""",4100,1262608,13,2024-01-01,2024-12-31,1974648,, 
40103325823,"Sabiedrība ar ierobežotu atbildību ""ZOLID""",4100,1000264,32,2024-01-01,2024-12-31,2089392,, 
40103216891,"Sabiedrība ar ierobežotu atbildību ""ĒKA OST""",4100,1167078,16,2024-01-01,2024-12-31,2049069,, 
40003018837,"Sabiedrība ar ierobežotu atbildību Specializētā celtniecības-montāžas sabiedrība ""Dzirnakmens""",4100,1314527,36,2024-01-01,2024-12-31,2022420,, 
40003150841,"Sabiedrība ar ierobežotu atbildību celtniecības firma ""M UN V""",4100,1483052,33,2024-01-01,2024-12-31,2072384,, 
40103007007,"Sabiedrība ar ierobežotu atbildību ražošanas komercfirma ""TITĀNS""",4100,1487201,23,2024-01-01,2024-12-31,2050746,, 
40002001373,"Sabiedrība ar ierobežotu atbildību Āboltiņa būvuzņēmums ""AG""",4100,1301488,27,2024-01-01,2024-12-31,2065981,, 
40103120538,"sabiedrība ar ierobežotu atbildību ""Akers""",4100,1047986,4,2024-01-01,2024-12-31,1978151,, 
40003816250,"Sabiedrība ar ierobežotu atbildību ""DELTA URBAN""",4120,1189818,16,2024-01-01,2024-12-31,2052213,, 
40103475505,CCM ceļubūve Sabiedrība ar ierobežotu atbildību,4211,1316234,6,2024-01-01,2024-12-31,1983760,, 
44103131627,"SIA ""Būvniecības Grupa LV""",4211,1476994,18,2024-01-01,2024-12-31,2034821,, 
44103059132,"SIA ""CEĻINIEKS 2010""",4211,1922236,40,2024-01-01,2024-12-31,2073396,, 
43603019147,"SIA ""DREAMWAY""",4211,1064989,20,2024-01-01,2024-12-31,2018827,, 
40103836501,"SIA ""KF Grupa""",4211,1131884,11,2024-01-01,2024-12-31,2082730,, 
40103350483,"SIA ""LMK ceļi""",4211,1311843,12,2024-01-01,2024-12-31,2086620,, 
54103031261,"SIA ""SORMA""",4211,1393330,26,2023-12-01,2024-11-30,1977499,, 
44103076113,"SIA ""Smiltenes ceļinieks""",4211,1395818,11,2024-01-01,2024-12-31,2014947,, 
54103149141,"SIA ""VALMIERAS CEĻI""",4211,1090222,4,2024-01-01,2024-12-31,1971875,, 
48503008922,SIA BL Grupa,4211,1457277,7,2024-01-01,2024-12-31,2060095,, 
42103099832,SIA BRICON,4211,1302714,14,2024-01-01,2024-12-31,1979830,, 
50203491921,SIA KKL,4211,1338761,9,2024-01-01,2024-12-31,2032696,, 
40003780841,"Sabiedrība ar ierobežotu atbildību ""AB-rent""",4211,1248016,30,2024-01-01,2024-12-31,2043611,, 
40003352219,"Sabiedrība ar ierobežotu atbildību ""Agrosēta""",4211,1159350,15,2024-01-01,2024-12-31,2029956,, 
40103760610,"Sabiedrība ar ierobežotu atbildību ""BTS Road""",4211,1910732,26,2024-01-01,2024-12-31,2068138,, 
40103733468,"Sabiedrība ar ierobežotu atbildību ""Baltijas Ceļdaris""",4211,1288975,16,2024-01-01,2024-12-31,2052975,, 
50103708161,"Sabiedrība ar ierobežotu atbildību ""D Būve""",4211,1386772,22,2024-01-01,2024-12-31,2003708,, 
41503004630,"Sabiedrība ar ierobežotu atbildību ""DAUGAVPILS BŪVMEHANIZĀCIJA""",4211,1634357,30,2024-01-01,2024-12-31,2028118,, 
40103811601,"Sabiedrība ar ierobežotu atbildību ""DSV base""",4211,1307227,25,2024-01-01,2024-12-31,2051209,, 
40203132209,"Sabiedrība ar ierobežotu atbildību ""EuroTrans Plus""",4211,1408647,16,2024-01-01,2024-12-31,2086702,, 
40003901044,"Sabiedrība ar ierobežotu atbildību ""GLUDI LM""",4211,1155341,16,2024-01-01,2024-12-31,1993454,, 
41203054863,"Sabiedrība ar ierobežotu atbildību ""JAUNIE CEĻI""",4211,1560623,41,2024-01-01,2024-12-31,2077259,, 
43401000142,"Sabiedrība ar ierobežotu atbildību ""LIEPAS Z""",4211,1999714,35,2024-01-01,2024-12-31,1972939,, 
40103931859,"Sabiedrība ar ierobežotu atbildību ""LKG Grupa""",4211,1997705,23,2024-01-01,2024-12-31,1978866,, 
42403043306,"Sabiedrība ar ierobežotu atbildību ""Novada ceļi""",4211,1040418,11,2024-01-01,2024-12-31,2069383,, 
40203427037,"Sabiedrība ar ierobežotu atbildību ""ROGO""",4211,1100223,17,2024-01-01,2024-12-31,1957228,, 
42403022766,"Sabiedrība ar ierobežotu atbildību ""Riviera L""",4211,1438026,31,2024-01-01,2024-12-31,2065441,, 
42402001428,"Sabiedrība ar ierobežotu atbildību ""VAIVARS""",4211,1308016,13,2024-01-01,2024-12-31,1966170,, 
40003684202,"Sabiedrība ar ierobežotu atbildību ""VIA MEŽS""",4211,1531666,17,2024-01-01,2024-12-31,2080980,, 
40203257307,SIA Baltijas Būvmeistars,4213,1064198,10,2024-01-01,2024-12-31,2036184,, 
40203224452,Aarsleff Baltic SIA,4221,1134490,5,2023-10-01,2024-09-30,1954353,, 
40103086312,"Ražošanas komercfirma ""MARTS"" Sabiedrība ar ierobežotu atbildību",4221,1889982,19,2024-01-01,2024-12-31,2033774,, 
40103982022,"SIA ""GAS SERVICE""",4221,1931791,22,2024-01-01,2024-12-31,2092994,, 
40003845758,"SIA ""GRUNTERSS""",4221,1356632,19,2024-01-01,2024-12-31,1987557,, 
40103179379,"SIA ""Hydrotech""",4221,1427968,6,2024-01-01,2024-12-31,2048916,, 
48503023940,"SIA ""MIČER GROUP""",4221,1001700,17,2024-01-01,2024-12-31,2009995,, 
40203498237,SIA H2O tīkli,4221,1096130,17,2024-01-01,2024-12-31,2034100,, 
40003686472,"Sabiedrība ar ierobežotu atbildību ""Akorda""",4221,1544288,14,2024-01-01,2024-12-31,2044600,, 
44103067286,"Sabiedrība ar ierobežotu atbildību ""BT BŪVE""",4221,1977705,23,2024-01-01,2024-12-31,2049164,, 
40203281417,"Sabiedrība ar ierobežotu atbildību ""LAKE Building""",4221,1206108,17,2024-01-01,2024-12-31,2047093,, 
40103770888,"Sabiedrība ar ierobežotu atbildību ""SELVILS BŪVE""",4221,1763928,25,2024-01-01,2024-12-31,2064511,, 
40003389118,"Sabiedrība ar ierobežotu atbildību ""SMITE""",4221,1274848,18,2024-01-01,2024-12-31,2047319,, 
43603061977,"Sabiedrība ar ierobežotu atbildību ""Sand Systems""",4221,1142689,46,2024-01-01,2024-12-31,1992296,, 
40103655182,"Sabiedrība ar ierobežotu atbildību ""TGME""",4221,1788185,22,2024-01-01,2024-12-31,2067956,, 
40203410153,"TALPA, SIA",4221,1241470,16,2024-01-01,2024-12-31,1964267,, 
40003484499,"""RELAPRIMS"" SIA",4222,1724498,13,2024-01-01,2024-12-31,1993840,, 
40003291535,"Alūksnes rajona sabiedrība ar ierobežotu atbildību firma ""ALŪKSNES ENERGOCELTNIEKS""",4222,1665763,50,2024-01-01,2024-12-31,2087044,, 
40003124232,M.G.S. IT SIA,4222,1526411,24,2024-01-01,2024-12-31,2065870,, 
45403045751,"Pilnsabiedrība ""ArComm Group""",4222,1463103,1,2024-01-01,2024-12-31,2063775,, 
40003392828,"SIA ""ELDI""",4222,1601983,18,2024-01-01,2024-12-31,2050356,, 
44103065552,"SIA ""Energo Partneris""",4222,1406802,15,2024-01-01,2024-12-31,2076360,, 
40103913548,"SIA ""LEC""",4222,1066498,9,2024-01-01,2024-12-31,2088141,, 
40103261039,"SIA ""RAJS""",4222,1479363,17,2024-01-01,2024-12-31,1994067,, 
44103138428,"SIA ""RNRG""",4222,1927421,15,2024-01-01,2024-12-31,1993603,, 
40203410473,"SIA ""Sunotec Latvia""",4222,1681700,3,2024-01-01,2024-12-31,2027966,, 
50203247851,"SIA ""WolfHouse""",4222,1034970,19,2024-01-01,2024-12-31,1957611,, 
40203384471,SIA GJ4,4222,1519285,2,2024-01-01,2024-12-31,1968330,, 
41503089239,"Sabiedrība ar ierobežotu atbildību ""BGBau""",4222,1617480,33,2024-01-01,2024-12-31,2002863,, 
43603029906,"Sabiedrība ar ierobežotu atbildību ""EDS""",4222,1482270,13,2024-01-01,2024-12-31,2066739,, 
40103784074,"Sabiedrība ar ierobežotu atbildību ""Energoefekt""",4222,1493309,15,2024-01-01,2024-12-31,2075330,, 
40103790210,"Sabiedrība ar ierobežotu atbildību ""KSK Systems""",4222,1453099,31,2024-01-01,2024-12-31,2092557,, 
40003879881,"Sabiedrība ar ierobežotu atbildību ""Primo Baltic""",4222,1385566,13,2024-01-01,2024-12-31,1965939,, 
50003346591,"Sabiedrība ar ierobežotu atbildību ""SAKARU BŪVE""",4222,1364345,23,2024-01-01,2024-12-31,2007797,, 
41203017208,"Sabiedrība ar ierobežotu atbildību ""VESTA AD""",4222,1124001,7,2024-01-01,2024-12-31,2036780,, 
40203306693,Vestas Latvia SIA,4222,1376538,5,2024-01-01,2024-12-31,2080566,, 
49501008077,"""JAUNBĒRZIŅI"" SIA",4291,1633591,10,2024-01-01,2024-12-31,1970321,, 
43603061661,"Sabiedrība ar ierobežotu atbildību ""MLU""",4291,1886510,18,2024-01-01,2024-12-31,2031633,, 
44103045946,"Sabiedrība ar ierobežotu atbildību ""RELKS""",4291,1073992,13,2024-01-01,2024-12-31,2060123,, 
53603017701,"SIA ""JUNEKA MONTĀŽA""",4299,1342728,35,2024-01-01,2024-12-31,2026587,, 
40003677060,"Sabiedrība ar ierobežotu atbildību ""EURO ENERĢIJAS SERVISS""",4299,1406335,13,2024-01-01,2024-12-31,2018215,, 
50003638351,"Sabiedrība ar ierobežotu atbildību ""GUMI MIX GROUP""",4299,1023241,7,2024-01-01,2024-12-31,2040178,, 
41203051301,"Sabiedrība ar ierobežotu atbildību ""LatLine""",4299,1241647,23,2024-01-01,2024-12-31,1961870,, 
40103598161,"Sabiedrība ar ierobežotu atbildību ""SOMU MĀJA""",4299,1867679,6,2024-01-01,2024-12-31,2042967,, 
40203229290,"Sabiedrība ar ierobežotu atbildību ""Sky Power""",4299,1346470,21,2024-01-01,2024-12-31,2021118,, 
44103106776,"Sabiedrība ar ierobežotu atbildību ""ATR""",4311,1995392,19,2024-01-01,2024-12-31,1982033,, 
40103898126,"Sabiedrība ar ierobežotu atbildību ""DEMCO""",4311,1664311,12,2024-01-01,2024-12-31,2018392,, 
40103235360,"Sabiedrība ar ierobežotu atbildību ""DIVIBE""",4311,1026746,9,2024-01-01,2024-12-31,1985625,, 
43603047371,"Sabiedrība ar ierobežotu atbildību ""GS CELT""",4311,1116794,5,2024-01-01,2024-12-31,2085991,, 
44103081684,"""MELIO MASTER"" PS",4312,1183883,2,2024-01-01,2024-12-31,1994584,, 
40203166686,"SIA ""AB digger""",4312,1215639,4,2024-01-01,2024-12-31,2051460,, 
40003981849,"SIA ""AMC būve""",4312,1266060,3,2024-01-01,2024-12-31,2066864,, 
40203449655,"SIA ""AMD Grupa""",4312,1613479,7,2024-01-01,2024-12-31,1968464,, 
54103046731,"SIA ""ROK un BŪVĒ""",4312,1889881,32,2024-01-01,2024-12-31,2075759,, 
40203275425,"SIA ""ZZ STREET""",4312,1412388,16,2024-01-01,2024-12-31,2018667,, 
42403039368,"Sabiedrība ar ierobežotu atbildību ""AROK""",4312,1052174,15,2024-01-01,2024-12-31,2065627,, 
40103519227,"Sabiedrība ar ierobežotu atbildību ""ASFABALT""",4312,1496509,21,2024-01-01,2024-12-31,2038193,, 
40103632279,"Sabiedrība ar ierobežotu atbildību ""AUCES MELIORATORS""",4312,1253930,20,2024-01-01,2024-12-31,2060161,, 
43603008321,"Sabiedrība ar ierobežotu atbildību ""Bauskas meliorācija""",4312,1660204,24,2024-01-01,2024-12-31,1992234,, 
40003183787,"Sabiedrība ar ierobežotu atbildību ""MELIORCELTNIEKS""",4312,1626313,28,2024-01-01,2024-12-31,2072391,, 
40003041566,"Sabiedrība ar ierobežotu atbildību ""SPRĀDZIENS""",4312,1066202,19,2024-01-01,2024-12-31,2022578,, 
40103239875,"Sabiedrība ar ierobežotu atbildību ""SĒME CB""",4312,1020790,21,2024-01-01,2024-12-31,1983801,, 
40203305255,"""Nord Solar"" SIA",4321,1439099,6,2024-01-01,2024-12-31,2083894,, 
50203360691,"""S&E PRO"" SIA",4321,1030598,5,2024-01-01,2024-12-31,2056330,, 
40203380499,ENERGIAPARTNER SIA,4321,1994357,9,2024-01-01,2024-12-31,2061699,, 
40103016635,"Komercsabiedrība SIA ""ELTEKS""",4321,1046051,20,2024-01-01,2024-12-31,2054020,, 
42103047807,"SIA ""ARiTeh""",4321,1821232,33,2024-01-01,2024-12-31,2067041,, 
40103824786,"SIA ""ELMON""",4321,1572167,24,2024-01-01,2024-12-31,2003375,, 
52103109121,"SIA ""Echoo Group""",4321,1492729,37,2024-01-01,2024-12-31,2086352,, 
40003880170,"SIA ""EdAn ELEKTRO""",4321,1014190,15,2024-01-01,2024-12-31,1965286,, 
40203133543,"SIA ""GISAIL""",4321,1244736,24,2024-01-01,2024-12-31,2029005,, 
48503004386,"SIA ""J.E.F.""",4321,1708456,40,2024-01-01,2024-12-31,2026557,, 
42103019288,"SIA ""LIEPĀJAS ENERGOMONTĀŽA""",4321,1715347,28,2024-01-01,2024-12-31,2090859,, 
41203003212,"SIA ""Latus SARDZE""",4321,1460781,40,2024-01-01,2024-12-31,2037807,, 
40103740258,"SIA ""Lumen""",4321,1056240,6,2024-01-01,2024-12-31,2033988,, 
40103596230,"SIA ""R.A. ENERGY""",4321,1125349,14,2024-01-01,2024-12-31,2023049,, 
40203309609,SIA Electrical,4321,1116593,18,2024-01-01,2024-12-31,2072880,, 
40203535976,SIA RGR Energy,4321,1029486,0,2024-01-29,2024-12-31,2071183,, 
40203400422,SIA Rooftop Latvia,4321,1842622,8,2024-01-01,2024-12-31,2084818,, 
40103934338,SIA odall,4321,1362256,24,2024-01-01,2024-12-31,2068488,, 
40203024588,"Sabiedrība ar ierobežotu atbildību ""EK Elektro Energie""",4321,1740719,40,2024-01-01,2024-12-31,2030405,, 
49203003662,"Sabiedrība ar ierobežotu atbildību ""ELFA""",4321,1248811,28,2024-01-01,2024-12-31,2072417,, 
41503021043,"Sabiedrība ar ierobežotu atbildību ""ELPOLI""",4321,1145823,24,2024-01-01,2024-12-31,1978165,, 
45403044629,"Sabiedrība ar ierobežotu atbildību ""Gamma Elektro""",4321,1553578,22,2024-01-01,2024-12-31,2063771,, 
40203133505,"Sabiedrība ar ierobežotu atbildību ""HANSELAT""",4321,1188896,9,2024-01-01,2024-12-31,2064702,, 
44103063231,"Sabiedrība ar ierobežotu atbildību ""INSTALKOM""",4321,1888882,24,2024-01-01,2024-12-31,2023196,, 
40103275522,"Sabiedrība ar ierobežotu atbildību ""LVS Latvija""",4321,1299993,23,2024-01-01,2024-12-31,1984852,, 
41503045569,"Sabiedrība ar ierobežotu atbildību ""Latgales energobūve""",4321,1548494,26,2024-01-01,2024-12-31,2059039,, 
45403042844,"Sabiedrība ar ierobežotu atbildību ""MEL""",4321,1576006,26,2024-01-01,2024-12-31,2084945,, 
43603009810,"Sabiedrība ar ierobežotu atbildību ""MĪTAVAS ELEKTRA""",4321,1739466,35,2024-01-01,2024-12-31,1975344,, 
41503074021,"Sabiedrība ar ierobežotu atbildību ""NDelektrA""",4321,1462041,26,2024-01-01,2024-12-31,2076067,, 
40203343079,"Sabiedrība ar ierobežotu atbildību ""Sun Electric""",4321,1314855,8,2024-01-01,2024-12-31,1972808,, 
40103906156,"Sabiedrība ar ierobežotu atbildību ""TGF build""",4321,1728622,32,2024-01-01,2024-12-31,2087157,, 
40103624534,"Sabiedrība ar ierobežotu atbildību ""VSD serviss""",4321,1370152,22,2024-01-01,2024-12-31,2087544,, 
40103322206,"Sabiedrība ar ierobežotu atbildību ""Videoprojekts Baltija""",4321,1841621,7,2024-01-01,2024-12-31,1989114,, 
40203234874,"Sabiedrība ar ierobežotu atbildību ""Waldemars un Partneri""",4321,1066455,34,2024-01-01,2024-12-31,2076841,, 
40003119227,"Akciju sabiedrība ""LAFIPA""",4322,1108393,15,2024-01-01,2024-12-31,2043494,, 
40203227919,Enerz SIA,4322,1437131,12,2024-01-01,2024-12-31,2082143,, 
40203097242,"SIA ""AP Energy""",4322,1448842,7,2024-01-01,2024-12-31,2026860,, 
42103084979,"SIA ""BL inženiertīkli""",4322,1864800,21,2024-01-01,2024-12-31,2020701,, 
41503072730,"SIA ""Civinity engineering LV""",4322,1608203,24,2024-01-01,2024-12-31,2059626,, 
40003487103,"SIA ""DĀRTS""",4322,1771429,11,2024-01-01,2024-12-31,1986764,, 
40103536528,"SIA ""ES Technology""",4322,1378753,31,2024-01-01,2024-12-31,2029639,, 
50103495221,"SIA ""JUMINIKS Ltd""",4322,1630155,31,2024-01-01,2024-12-31,1983295,, 
40003681085,"SIA ""Klimat Komfort""",4322,1517073,37,2024-01-01,2024-12-31,1977936,, 
40003963966,"SIA ""MARE VERPETE""",4322,1500128,11,2024-01-01,2024-12-31,2029834,, 
40103459163,"SIA ""MEGA STAR""",4322,1553172,10,2024-01-01,2024-12-31,2052505,, 
40203153130,"SIA ""MVP Latvia""",4322,1567698,23,2024-01-01,2024-12-31,2044702,, 
53603080541,"SIA ""RGM Construction""",4322,1087631,10,2024-01-01,2024-12-31,2061426,, 
40003959284,"SIA ""RIKON AC""",4322,1109703,11,2024-01-01,2024-12-31,2018222,, 
40103840757,"SIA ""Siltumbūve""",4322,1786549,18,2024-01-01,2024-12-31,1979555,, 
40003822717,"SIA ""ŽEVS""",4322,1867269,12,2024-01-01,2024-12-31,2066598,, 
41203039510,SIA Xkross Būve,4322,1711174,9,2024-01-01,2024-12-31,1992639,, 
43603069326,"Sabiedrība ar ierobežotu atbildību ""AMD enerģija""",4322,1233047,15,2024-01-01,2024-12-31,2020870,, 
50003340391,"Sabiedrība ar ierobežotu atbildību ""CERTUS""",4322,1219064,14,2024-01-01,2024-12-31,1972281,, 
40003388517,"Sabiedrība ar ierobežotu atbildību ""DKD""",4322,1358396,21,2024-01-01,2024-12-31,2029326,, 
40003787303,"Sabiedrība ar ierobežotu atbildību ""Dartes""",4322,1399531,13,2024-01-01,2024-12-31,2055840,, 
40003577534,"Sabiedrība ar ierobežotu atbildību ""Divine Heat Company""",4322,1098196,3,2024-01-01,2024-12-31,2034540,, 
40203255452,"Sabiedrība ar ierobežotu atbildību ""ExRem""",4322,1779695,10,2024-01-01,2024-12-31,2070008,, 
40203185028,"Sabiedrība ar ierobežotu atbildību ""HMS-EC""",4322,1167399,5,2024-01-01,2024-12-31,2079919,, 
40203145487,"Sabiedrība ar ierobežotu atbildību ""HVAC Solutions""",4322,1815616,31,2024-01-01,2024-12-31,2014849,, 
40003889682,"Sabiedrība ar ierobežotu atbildību ""IONICA SERVISS""",4322,1801601,40,2024-01-01,2024-12-31,2048867,, 
40203244849,"Sabiedrība ar ierobežotu atbildību ""JZ SISTĒMAS""",4322,1212178,1,2024-01-01,2024-12-31,2014430,, 
40203299048,"Sabiedrība ar ierobežotu atbildību ""Kvebex""",4322,1858195,27,2024-01-01,2024-12-31,1974169,, 
40103811851,"Sabiedrība ar ierobežotu atbildību ""Media Būve""",4322,1106534,28,2024-01-01,2024-12-31,2043843,, 
40103461806,"Sabiedrība ar ierobežotu atbildību ""REMCE SERVISS""",4322,1402227,14,2024-01-01,2024-12-31,2089630,, 
40103375877,"Sabiedrība ar ierobežotu atbildību ""RGBG inženiertīkli""",4322,1172978,20,2024-01-01,2024-12-31,1964680,, 
42803001276,"Sabiedrība ar ierobežotu atbildību ""SILTUMS & ENERĢĒTIKA""",4322,1867169,19,2024-01-01,2024-12-31,1984225,, 
40003749617,"Sabiedrība ar ierobežotu atbildību ""Servocontrol""",4322,1067473,16,2024-01-01,2024-12-31,2089939,, 
40103848464,"Sabiedrība ar ierobežotu atbildību ""TECRO""",4322,1058926,1,2024-01-01,2024-12-31,2355814,, 
40003991300,"Sabiedrība ar ierobežotu atbildību ""TTT Pluss""",4322,1128452,20,2024-01-01,2024-12-31,2021048,, 
50203021901,"Sabiedrība ar ierobežotu atbildību ""VENTHAUS""",4322,1013404,23,2024-01-01,2024-12-31,2044810,, 
50003163481,"Sabiedrība ar ierobežotu atbildību ""Vikomakss""",4322,1131404,18,2024-01-01,2024-12-31,1973650,, 
40003649531,"SIA ""EKOSTANDARTS TEHNOLOĢIJAS""",4324,1044198,17,2024-01-01,2024-12-31,2048785,, 
40203410098,"SIA ""MCE-S""",4324,1215038,6,2024-01-01,2024-12-31,1973181,, 
40103271751,"SIA ""NOLAN""",4324,1303956,7,2024-01-01,2024-12-31,2022491,, 
40003195061,"Sabiedrība ar ierobežotu atbildību ""AVVA""",4324,1078338,20,2024-01-01,2024-12-31,2051861,, 
50003672101,"Sabiedrība ar ierobežotu atbildību ""DN SISTĒMAS""",4324,1318239,11,2024-01-01,2024-12-31,1973187,, 
40003338785,"Sabiedrība ar ierobežotu atbildību ""Datika""",4324,1271560,21,2024-01-01,2024-12-31,2064006,, 
40103686303,"Sabiedrība ar ierobežotu atbildību ""ENERGOSINTEZ 2006""",4324,1281713,9,2024-01-01,2024-12-31,1962376,, 
40003888314,"Sabiedrība ar ierobežotu atbildību ""KAN-S""",4324,1253740,23,2024-01-01,2024-12-31,2007705,, 
45403030741,"Sabiedrība ar ierobežotu atbildību ""MCE""",4324,1039026,20,2024-01-01,2024-12-31,2062030,, 
40103313449,"Sabiedrība ar ierobežotu atbildību ""RC pluss""",4324,1359725,31,2024-01-01,2024-12-31,2040306,, 
45403028465,"Sabiedrība ar ierobežotu atbildību ""SILVER BŪVE""",4324,1101129,9,2024-01-01,2024-12-31,1970376,, 
40103606562,"Sabiedrība ar ierobežotu atbildību ""SM sistēmas""",4324,1563707,32,2024-01-01,2024-12-31,1978827,, 
40103042040,"Sabiedrība ar ierobežotu atbildību ""TOTAS""",4324,1953570,50,2024-01-01,2024-12-31,2032320,, 
40203158710,"SIA ""Logi Durvis""",4332,1288496,13,2024-01-01,2024-12-31,2063818,, 
44103133543,"SIA ""WEmont""",4332,1650483,24,2024-01-01,2024-12-31,1993601,, 
54103035051,"Sabiedrība ar ierobežotu atbildību ""AINARS CINKUSS""",4332,1156574,17,2024-01-01,2024-12-31,2060405,, 
40103528516,"Sabiedrība ar ierobežotu atbildību ""DOVGIL""",4332,1616716,14,2024-01-01,2024-12-31,2067701,, 
41203074249,"Sabiedrība ar ierobežotu atbildību ""S4VS Windows""",4332,1075865,17,2024-01-01,2024-12-31,1986385,, 
40003398888,"SIA ""3 T""",4333,1146828,28,2024-01-01,2024-12-31,2040149,, 
40203113392,"SIA ""European Construction Solutions""",4333,1087528,7,2024-01-01,2024-12-31,2074410,, 
44103038906,"SIA ""SN BŪVGRUPA""",4333,1471405,28,2024-01-01,2024-12-31,2063027,, 
40103600856,"SIA ""Technoway Industries""",4333,1705814,8,2024-01-01,2024-12-31,2049379,, 
43603024171,"Sabiedrība ar ierobežotu atbildību ""ED Tehnika""",4333,1204123,10,2024-01-01,2024-12-31,2028218,, 
44103094335,"Sabiedrība ar ierobežotu atbildību ""R & A Būve""",4333,1262938,34,2024-01-01,2024-12-31,2083389,, 
40103003433,"Sabiedrība ar ierobežotu atbildību ""Ritols""",4333,1085196,21,2024-01-01,2024-12-31,2056742,, 
44103057521,"Sabiedrība ar ierobežotu atbildību ""V & M BŪVE""",4333,1345790,11,2024-01-01,2024-12-31,1991038,, 
40003790619,"Sabiedrība ar ierobežotu atbildību ""PVC Mārupe""",4334,1516139,3,2024-01-01,2024-12-31,2066547,, 
40103801783,"""LRII"" SIA",4335,1478200,3,2024-01-01,2024-12-31,2083419,, 
40203225176,MBP-1 SIA,4335,1215945,31,2024-01-01,2024-12-31,2046428,, 
42103067894,"SIA ""EIRO STILS 1""",4335,1400612,46,2024-01-01,2024-12-31,2081754,, 
40203361873,"SIA ""EVR Development""",4335,1551941,25,2024-01-01,2024-12-31,2081153,, 
54103054071,"SIA ""Fenske K""",4335,1085062,5,2024-01-01,2024-12-31,1978342,, 
44103129181,"SIA ""ML Būve""",4335,1681484,24,2024-01-01,2024-12-31,2069774,, 
50203053131,"SIA ""UNIPRO Z""",4335,1995495,31,2024-01-01,2024-12-31,2093254,, 
40203162379,"Sabiedrība ar ierobežotu atbildību ""Braueri Būve""",4335,1222880,19,2024-01-01,2024-12-31,2036151,, 
42103092228,"Sabiedrība ar ierobežotu atbildību ""JAGUAR""",4335,1836167,20,2024-01-01,2024-12-31,2058595,, 
52103058431,"Sabiedrība ar ierobežotu atbildību ""Kerher construction""",4335,1186118,44,2024-01-01,2024-12-31,2047897,, 
40103931596,"Sabiedrība ar ierobežotu atbildību ""SY serviss""",4335,1136449,19,2024-01-01,2024-12-31,1991152,, 
40103109009,"Ražošanas komercfirma SIA ""ONDULAT""",4341,1033371,22,2024-01-01,2024-12-31,2014441,, 
40103161998,"Sabiedrība ar ierobežotu atbildību ""Dakstiņu Jumti""",4341,1459059,13,2024-01-01,2024-12-31,1980042,, 
40103473754,"Sabiedrība ar ierobežotu atbildību ""Decon""",4341,1012719,14,2024-01-01,2024-12-31,2027989,, 
40203027067,"Sabiedrība ar ierobežotu atbildību ""HOPROOF""",4341,1733534,30,2024-01-01,2024-12-31,2079712,, 
40103882036,"Sabiedrība ar ierobežotu atbildību ""LIBANONS""",4341,1207808,36,2024-01-01,2024-12-31,2047987,, 
44103119516,"SIA ""B.R. GRAND""",4342,1065127,13,2024-01-01,2024-12-31,1984960,, 
48503012472,"SIA ""GATE L""",4342,1935323,27,2024-01-01,2024-12-31,2071517,, 
52103060031,"Sabiedrība ar ierobežotu atbildību ""AKP Būve""",4342,1346863,16,2024-01-01,2024-12-31,1994373,, 
40203211373,"SIA ""AXUS""",4350,1798275,19,2024-01-01,2024-12-31,1986941,, 
40003123171,"Sabiedrība ar ierobežotu atbildību ""HODOS""",4350,1370634,7,2024-01-01,2024-12-31,1971925,, 
40103645818,"""GM BUILDING"" SIA",4399,1534145,33,2024-01-01,2024-12-31,2049405,, 
40203137687,"""Latvian P-RR-O"" SIA",4399,1622313,24,2024-01-01,2024-12-31,2041032,, 
40203378831,"""NAGELWIND"" SIA",4399,1678274,17,2024-01-01,2024-12-31,2079961,, 
42103070038,"AS ""Fagos""",4399,1193191,39,2024-01-01,2024-12-31,1973805,2025-10-17,R
42103089162,"SIA ""DBB-fasades""",4399,1042690,15,2024-01-01,2024-12-31,1971065,, 
40103911458,"SIA ""DrilleR""",4399,1211813,21,2024-01-01,2024-12-31,2037007,, 
40203127918,"SIA ""ELB būve""",4399,1527135,11,2024-01-01,2024-12-31,1976528,, 
40003898774,"SIA ""KERAPLAST""",4399,1193370,7,2024-01-01,2024-12-31,1962877,, 
43603068068,"SIA ""LET būve""",4399,1569323,19,2024-01-01,2024-12-31,1970762,, 
40003985836,"SIA ""MODO GOLF""",4399,1209920,18,2024-01-01,2024-12-31,2043074,, 
40203539963,"SIA ""MRG SMART INFRA""",4399,1784813,15,2024-02-13,2024-12-31,1966163,, 
40003939555,"SIA ""Mītavas Būve""",4399,1915197,39,2024-01-01,2024-12-31,1984931,, 
43603079659,"SIA ""NORFA""",4399,1345297,22,2024-01-01,2024-12-31,2026606,, 
43603057702,"SIA ""VD celt""",4399,1589381,4,2024-01-01,2024-12-31,2061146,, 
40203177425,SIA Alfarent serviss,4399,1003626,24,2024-01-01,2024-12-31,2069484,, 
42403039419,SIA DRILLEX,4399,1372393,24,2024-01-01,2024-12-31,1994457,, 
54103078991,SIA IRAnete,4399,1568095,8,2024-01-01,2024-12-31,2086649,, 
40103073727,SIA KATLERI,4399,1560959,34,2024-01-01,2024-12-31,2092904,, 
40203464508,SIA Turrem,4399,1069234,18,2024-01-01,2024-12-31,1973352,, 
41503080691,SIA UR98,4399,1740878,21,2024-01-01,2024-12-31,2064695,, 
40203021666,"Sabiedrība ar ierobežotu atbildību ""CFB""",4399,1645560,22,2024-01-01,2024-12-31,2051331,, 
40003772026,"Sabiedrība ar ierobežotu atbildību ""DOK""",4399,1347942,31,2024-01-01,2024-12-31,2084327,, 
40003777875,"Sabiedrība ar ierobežotu atbildību ""I.K. Būve""",4399,1373270,17,2024-01-01,2024-12-31,2066535,, 
40003915896,"Sabiedrība ar ierobežotu atbildību ""M.S.AQUA""",4399,1390279,13,2024-01-01,2024-12-31,2020382,, 
40103373486,"Sabiedrība ar ierobežotu atbildību ""PILSAKMENS""",4399,1515825,22,2024-01-01,2024-12-31,2078806,, 
